Vendor,Customer,Source_URL,Notes
Rex,Synthesia,https://www.rex.inc/customers/synthesia,AR/AP automation case study
Superglue,Cedar,https://superglue.ai/case-studies,Customer onboarding automation
Nanonets,Schneider Electric,https://nanonets.com/customers/schneider-electric,PR-to-quote verification
Nanonets,Roche,https://nanonets.com/customers/roche,Greek hospital PO automation
Nanonets,Mondelez,https://nanonets.com/customers,Freight invoice automation
Nanonets,UniPro Foodservice,https://nanonets.com/customers,Order processing automation
Nanonets,Asian Paints,https://nanonets.com/customers,Vendor payment automation
Nanonets,SaltPay,https://nanonets.com/customers,SAP invoice automation
Spaceflow,Tavuk Dünyası,https://spaceflow.tech/,Procurement RFQ
Spaceflow,Dürümle,https://spaceflow.tech/,Procurement
Spaceflow,Doğuş Teknoloji,https://spaceflow.tech/,Procurement
Spaceflow,Filo Dolio,https://spaceflow.tech/,Procurement
TRM Labs,Coinbase,https://www.trmlabs.com/resources/case-studies,Crypto compliance
TRM Labs,Circle,https://www.trmlabs.com/resources/blog/trm-labs-announces-70m-series-c,Blockchain compliance
TRM Labs,Cross River Bank,https://www.trmlabs.com/resources/blog/trm-labs-announces-70m-series-c,Banking compliance
TRM Labs,PayPal,https://www.trmlabs.com/resources/blog/trm-labs-launches-beacon-network,Payments compliance
TRM Labs,Robinhood,https://www.trmlabs.com/resources/blog/trm-labs-launches-beacon-network,Trading platform
TRM Labs,Stripe,https://www.trmlabs.com/resources/blog/trm-labs-announces-70m-series-c,Payments
TRM Labs,Visa,https://www.trmlabs.com/resources/blog/trm-labs-announces-70m-series-c,Payments network
TRM Labs,Kraken,https://www.trmlabs.com/resources/blog/trm-labs-launches-beacon-network,Crypto exchange
TRM Labs,Ripple,https://www.trmlabs.com/resources/blog/trm-labs-launches-beacon-network,Blockchain payments
TRM Labs,Crypto.com,https://www.trmlabs.com/resources/blog/trm-labs-launches-beacon-network,Crypto exchange
TRM Labs,OKX,https://www.trmlabs.com/resources/blog/trm-labs-launches-beacon-network,Crypto exchange
TRM Labs,HIFI,https://www.trmlabs.com/resources/case-studies,Stablecoin infrastructure
Giga,DoorDash,https://giga.ai/doordash,AI customer support
SalesPatriot,Jamaica Bearings Group,https://salespatriot.com/,Defense supply chain
SalesPatriot,AllClear Aerospace,https://salespatriot.com/,Defense supply chain
SalesPatriot,STATZ Corporation,https://salespatriot.com/,Defense supply chain
SalesPatriot,Maven Engineering Corporation,https://salespatriot.com/,Defense supply chain
SalesPatriot,Echelon Supply and Service,https://salespatriot.com/,Defense supply chain
QueryPie,LG Uplus,https://www.querypie.com/en,DB access governance
QueryPie,AIR Company Limited,https://www.querypie.com/en,DB access governance
Cozmo AI,Nestlé,https://www.ycombinator.com/launches/PUt-cozmo-ai,Enterprise voice AI
Tasklet,Piping Technology & Products,https://tasklet.ai/learn/case-studies/piping-technology-products,Manufacturing ERP
Skyvern,CarEdge,https://www.skyvern.com/,Browser automation
Skyvern,Pilot,https://www.skyvern.com/,Browser automation
Skyvern,Valence Intelligence,https://www.skyvern.com/,Browser automation
Skyvern,Legion Health,https://www.skyvern.com/,Healthcare automation
Skyvern,Pathmonk,https://www.skyvern.com/,Marketing automation
Abstra,Jusbrasil,https://www.abstra.io/en/customer-stories/jusbrasil,FP&A automation
Abstra,Mercos,https://www.abstra.io/en/customer-stories/mercos,AP automation
Abstra,ClickBus,https://www.abstra.io/en/customer-stories/clickbus-financeiro,Finance automation
Abstra,Onfly,https://www.abstra.io/en/customer-stories/onfly-conciliacao-automatica,Reconciliation
Abstra,NOVVO,https://www.abstra.io/en/customer-stories/novvo,Order automation
Abstra,Dabble,https://www.abstra.io/en/customer-stories/dabble,Order processing
Abstra,Educbank,https://www.abstra.io/en/customer-stories/educbank,School onboarding
Haladir,FIEGE Logistik,https://www.linkedin.com/posts/haladir_haladir-yc-w26,Logistics pilot
Spherecast,HOLY,https://www.spherecast.ai/,Supply chain planning
Spherecast,AG1,https://www.spherecast.ai/,Supply chain
Spherecast,ProHealth,https://www.spherecast.ai/,Supply chain
Spherecast,mammaly,https://www.spherecast.ai/,Supply chain
Spherecast,Swanson Health,https://spherecast.ai/sphereworld,Supply chain
Spherecast,Feastables,https://spherecast.ai/sphereworld,Supply chain
Concourse,Palo Alto Networks,https://concourse.ai/,AI finance agents
Concourse,Lightmatter,https://concourse.ai/,AI finance agents
Concourse,Carrot,https://concourse.ai/,AI finance agents
Concourse,CurbWaste,https://concourse.ai/,AI finance agents
Medius,PUMA,https://www.medius.com/resources/case-studies/puma-video/,AP automation
Medius,Nissan,https://www.medius.com/resources/case-studies/nissan-source-to-pay/,Source-to-pay
Medius,Lush,https://www.medius.com/resources/case-studies/lush-ap-automation/,AP automation
Medius,WD-40 Company,https://www.medius.com/resources/case-studies/wd-40-video/,AP automation
Medius,Marshalls,https://www.medius.com/resources/case-studies/marshalls/,AP automation
Medius,Cineplex,https://www.medius.com/resources/case-studies/cineplex/,AP automation
Medius,SoftwareOne,https://www.medius.com/resources/case-studies/softwareone-ap-automation/,AP automation
Medius,Victaulic,https://www.medius.com/resources/case-studies/victaulic-ap-automation/,AP automation
Medius,Liberty London,https://www.medius.com/resources/case-studies/liberty-london-ap-kpis/,AP automation
Medius,Karl Lagerfeld,https://www.medius.com/resources/case-studies/karl-lagerfeld/,AP automation
Medius,CEVA Logistics,https://www.medius.com/resources/case-studies/ceva-logistics-put-medius-procurement-and-erp-integration-at-the-heart-of-cost-savings-strategy/,Procurement
Medius,Belron,https://www.medius.com/resources/case-studies/belron-source-to-contract/,Source-to-contract
Medius,Center Parcs,https://www.medius.com/resources/case-studies/center-parcs-streamlines-procurement-processes-with-medius/,Procurement
Medius,Mitchells & Butlers,https://www.medius.com/resources/case-studies/mitchells-and-butlers-source-to-contract/,Source-to-contract
Medius,Virgin Active,https://www.medius.com/resources/case-studies/virgin-active-source-to-contract/,Source-to-contract
Medius,Crédit Agricole,https://www.medius.com/resources/case-studies/credit-agricole/,Finance
Medius,Kerry Logistics,https://www.medius.com/resources/case-studies/kerry-logistics/,Logistics
Medius,OVHcloud,https://www.medius.com/resources/case-studies/ovhcloud/,Cloud infrastructure
Medius,Rimowa,https://www.medius.com/resources/case-studies/rimowa/,Luxury retail
Medius,Barratt Developments,https://www.medius.com/resources/case-studies/barratt-developments-source-to-contract/,Construction
Medius,Durham University,https://www.medius.com/resources/case-studies/durham-university-source-to-pay/,Higher education
Medius,Universal Robots,https://www.medius.com/resources/case-studies/universal-robots/,Robotics manufacturing
Medius,David Lloyd Leisure,https://www.medius.com/resources/case-studies/david-lloyd-leisure/,Leisure/hospitality
Medius,LifeHealthcare,https://www.medius.com/resources/case-studies/lifehealthcare/,Healthcare
Medius,R.M. Williams,https://www.medius.com/resources/case-studies/rm-williams/,Fashion retail
Medius,Mowi,https://www.medius.com/resources/case-studies/mowi-ap-automation/,Seafood
Medius,Tikkurila,https://www.medius.com/resources/case-studies/tikkurila-ap-automation/,Paints/chemicals
Medius,Dynapac,https://www.medius.com/resources/case-studies/dynapac-ap-automation/,Construction equipment
Medius,Samuel Son & Co,https://www.medius.com/resources/case-studies/samuel-son-co/,Metals distribution
Medius,Thorlux,https://www.medius.com/resources/case-studies/thorlux/,Lighting manufacturing
Medius,Charterhouse Holdings,https://www.medius.com/resources/case-studies/charterhouse-holdings/,AP automation
Medius,BetVictor,https://www.medius.com/resources/case-studies/betvictor-places-the-winning-bet-on-medius-contract-management/,Gaming
Medius,WWF,https://www.medius.com/resources/case-studies/wwf-automates-procurement-processes-and-enhances-reporting/,Nonprofit procurement
